customer_id,customer_name,country,signup_date
1,Allison Hill,United Kingdom,2024-02-10
2,Megan Mcclain,United States,2024-01-16
3,Allen Robinson,India,2024-03-31
4,Cristian Santos,France,2024-04-08
5,Kevin Pacheco,France,2024-01-02
6,Melissa Peterson,Germany,2024-01-28
7,Gabrielle Davis,United Kingdom,2024-01-18
8,Lindsey Roman,United Kingdom,2024-05-11
9,Valerie Gray,Canada,2024-04-09
10,Lisa Hensley,United States,2024-04-13
11,Amber Perez,United States,2024-02-22
12,David Garcia,United Kingdom,2024-02-20
13,Holly Wood,France,2024-02-07
14,Timothy Wong,France,2024-04-19
15,Nicholas Martin,United States,2024-03-09
16,Margaret Hawkins DDS,France,2024-05-31
17,Crystal Johnson,Canada,2024-02-26
18,Daniel Hahn,France,2024-06-06
19,Matthew Foster,Netherlands,2024-06-13
20,Derek Wright,India,2024-04-11
21,Kevin Hurst,United States,2024-03-12
22,Zachary Hicks,Germany,2024-01-17
23,Brian Burton,Canada,2024-05-22
24,Arthur James,Australia,2024-06-28
25,Tricia Valencia,India,2024-01-03
26,Melanie Herrera,Germany,2024-02-18
27,Ashley Graham,France,2024-03-22
28,Sherri Baker,Australia,2024-03-31
29,Thomas Harrell,United Kingdom,2024-02-23
30,Lisa Hernandez,United Kingdom,2024-05-17
31,Paula Moreno,Canada,2024-01-01
32,Alec Hickman,United Kingdom,2024-06-07
33,Elizabeth Brown,Australia,2024-06-07
34,Angelica Tucker,Australia,2024-01-13
35,Pamela Anderson,India,2024-03-26
36,Deborah Brennan,United States,2024-03-17
37,Joshua Blair,Netherlands,2024-02-06
38,Zachary Santos,United Kingdom,2024-03-19
39,Barbara Walker,Canada,2024-03-01
40,Crystal Robinson,United Kingdom,2024-01-13
41,Crystal Whitehead,India,2024-06-03
42,David Caldwell,Australia,2024-02-08
43,Timothy Duncan,France,2024-03-26
44,Rhonda Lee,United Kingdom,2024-01-18
45,Jeff Owens,United States,2024-05-11
46,Victoria Garcia,France,2024-03-13
47,Scott Wright,India,2024-02-04
48,Javier Ramirez,United Kingdom,2024-02-14
49,Jessica Callahan,France,2024-04-09
50,Zachary Huff,United Kingdom,2024-06-23
51,Sarah Martin,Canada,2024-03-28
52,James Brown,India,2024-03-09
53,Mrs. Rachel Gibson,Netherlands,2024-03-17
54,Whitney Peters,Australia,2024-05-09
55,Edward Novak,Germany,2024-04-14
56,Nicole Brown,Australia,2024-04-15
57,Sarah Moore,Australia,2024-06-21
58,Cody Larson,France,2024-05-01
59,Bryan Zamora,India,2024-02-14
60,Lisa Barnes,United Kingdom,2024-04-15
61,Taylor Harris,Germany,2024-05-08
62,James Powers,France,2024-02-23
63,Paul Jones,Germany,2024-03-23
64,Dr. Angel Lewis MD,Netherlands,2024-06-16
65,Sherry Wood,Canada,2024-01-29
66,Michele Carr,India,2024-06-26
67,Aimee Montoya,France,2024-02-23
68,Teresa Taylor,Australia,2024-01-21
69,Juan Nelson,United States,2024-04-18
70,Christina Walters,France,2024-02-17
71,Taylor Mathis Jr.,United States,2024-03-17
72,Aaron Wise,Australia,2024-04-24
73,Patrick Arnold,Canada,2024-03-17
74,Benjamin Ware,India,2024-06-11
75,Sandra Aguilar,United Kingdom,2024-01-27
76,Eric Nolan,France,2024-05-23
77,Stephanie Clark,Australia,2024-02-14
78,Richard Henson,France,2024-03-14
79,Brittany Spears,Netherlands,2024-06-04
80,Rita Keith,Canada,2024-01-05
81,Evelyn Galvan,Netherlands,2024-05-24
82,Rita Adams,Germany,2024-05-21
83,Shane Garrison,India,2024-02-10
84,Julia Torres,Germany,2024-05-23
85,Alexander Lee,France,2024-02-29
86,Tracy Ramirez,India,2024-04-25
87,William Herrera,Canada,2024-06-18
88,Wesley White,Canada,2024-06-22
89,Brian Hamilton,Australia,2024-05-11
90,Larry Dixon,France,2024-03-10
91,Dawn Fletcher,Germany,2024-01-01
92,Kimberly Ball,Netherlands,2024-05-13
93,Helen Jones,United Kingdom,2024-04-29
94,Erik Charles,United States,2024-05-09
95,Eric Ortiz,United Kingdom,2024-03-13
96,Cameron Fisher,Germany,2024-06-18
97,Stephanie Gilbert,Germany,2024-02-24
98,April Mitchell,Canada,2024-03-18
99,Mary Marshall,United Kingdom,2024-03-20
100,John Santana,Canada,2024-05-23
101,Bradley Robertson,Canada,2024-04-23
102,Robert Potter,Netherlands,2024-05-01
103,Curtis Johnson,India,2024-02-14
104,Samuel Jones,United States,2024-03-15
105,Cheyenne Horton,United Kingdom,2024-03-29
106,Matthew Smith,India,2024-05-15
107,Ashley Coleman,Australia,2024-02-01
108,Kelly Williams,United Kingdom,2024-02-14
109,Joyce Solis,India,2024-04-30
110,Linda Dodson DVM,Canada,2024-04-20
111,Kathy Rivas,Germany,2024-04-08
112,Natasha Wells,Netherlands,2024-02-16
113,Mark Cannon,United States,2024-04-03
114,Denise Jones,India,2024-02-21
115,Francisco Fernandez,Germany,2024-01-25
116,Michael Mccarthy,United Kingdom,2024-01-12
117,Joshua Perry,India,2024-02-07
118,Taylor Silva,France,2024-05-05
119,Pamela James,Germany,2024-01-02
120,Paul Castaneda,Australia,2024-06-20
121,Paul Payne,Germany,2024-04-18
122,Daniel Graham,United States,2024-01-06
123,Michael Powell,Australia,2024-01-30
124,Cameron Dean,Netherlands,2024-01-05
125,Justin Johnson,United States,2024-04-25
126,Joel Williams,United Kingdom,2024-03-09
127,Gabriel Juarez,Australia,2024-03-09
128,Sandra King,India,2024-01-15
129,Joshua Cooke,France,2024-03-03
130,Rachael Pearson,United States,2024-05-15
131,Christina Smith,France,2024-01-28
132,Michael Elliott,United Kingdom,2024-02-09
133,Pamela Jackson,United Kingdom,2024-04-19
134,Ashley Weiss,Netherlands,2024-06-22
135,Alexander Collins,United Kingdom,2024-05-01
136,Jennifer Espinoza,Germany,2024-01-14
137,Lori Garcia,Germany,2024-05-19
138,Lindsay Martinez,Netherlands,2024-06-26
139,Hannah Patterson,Germany,2024-03-07
140,Gloria Atkinson,India,2024-05-28
141,Tyler Reid,Canada,2024-05-29
142,Jessica Gross,France,2024-06-22
143,Robert Medina,France,2024-03-28
144,Nicholas Adams,India,2024-06-02
145,Angelica Keith,Canada,2024-02-13
146,Leonard Gray,Australia,2024-01-06
147,Catherine Lewis,Netherlands,2024-05-23
148,Spencer Haynes,Netherlands,2024-02-19
149,Travis Miller,United Kingdom,2024-05-09
150,Peter Vaughn DDS,France,2024-03-29
151,Anna Walker,France,2024-05-04
152,Kevin Kennedy,United Kingdom,2024-04-05
153,Patrick Rivera,Australia,2024-05-06
154,David Martinez,United States,2024-02-04
155,Joshua Gill,France,2024-02-03
156,John Hardy,France,2024-06-24
157,Diane Garcia,United States,2024-02-04
158,Christopher Smith,United Kingdom,2024-04-06
159,William Tran,United States,2024-05-05
160,Sean Henry,France,2024-06-06
161,Julie Alexander,United Kingdom,2024-02-03
162,Todd Woods,United States,2024-05-27
163,Benjamin Soto,Australia,2024-01-10
164,Justin Torres,United Kingdom,2024-06-27
165,Phillip Obrien,France,2024-05-22
166,Joseph Hayes,India,2024-03-20
167,Wanda Torres,Netherlands,2024-04-21
168,Natalie Meza,France,2024-02-07
169,Matthew Moore,Germany,2024-02-01
170,Aaron Hayes,Netherlands,2024-04-16
171,David Mann,France,2024-05-06
172,Michael Bradshaw,Netherlands,2024-05-21
173,Mary Peck,Canada,2024-03-17
174,Maria Kerr,France,2024-05-28
175,Christopher Parker,United Kingdom,2024-05-14
176,Donna Martinez,United Kingdom,2024-05-03
177,Terri Mason,Canada,2024-03-29
178,Andrew Reynolds,Australia,2024-02-28
179,Brandon Hayden,Canada,2024-05-30
180,Tiffany Key,Canada,2024-05-01
181,Andrew Avila,Netherlands,2024-03-25
182,Sydney White,United States,2024-04-15
183,Katherine Davis,United Kingdom,2024-03-03
184,Michael Hodge,United States,2024-02-29
185,Donna Landry,Canada,2024-05-26
186,Jordan Edwards,Australia,2024-02-28
187,Jennifer Robertson,United Kingdom,2024-06-26
188,Kimberly Gutierrez,France,2024-02-03
189,Peter Garrett,France,2024-05-16
190,Joshua Pennington,France,2024-03-19
191,Barbara Dudley,Netherlands,2024-04-19
192,Christopher Pierce,Germany,2024-04-09
193,Willie Durham,Canada,2024-03-24
194,Ronnie Jimenez,Germany,2024-05-08
195,Denise Davenport,India,2024-06-25
196,Juan Reyes,Netherlands,2024-06-14
197,Sherry Shields,France,2024-02-19
198,Jennifer Villa,United Kingdom,2024-04-01
199,Diane Evans,Netherlands,2024-04-15
200,Mrs. Brittany Ryan MD,United Kingdom,2024-04-09
201,Jordan Morris,United States,2024-02-03
202,Laura Hall,United States,2024-05-19
203,Patrick Thornton,United Kingdom,2024-05-26
204,Matthew Hoover,France,2024-06-25
205,Andrew Shaw MD,Germany,2024-06-05
206,Jessica Fox,Canada,2024-03-23
207,Jennifer Pena,Netherlands,2024-01-28
208,Wayne Morgan,Netherlands,2024-05-04
209,Sarah Phelps,France,2024-06-03
210,Eugene Higgins,Canada,2024-05-16
211,Amanda Jones,United States,2024-04-23
212,Yolanda Francis,Germany,2024-03-19
213,Mark Brennan,Canada,2024-03-20
214,Stephanie Williams,United States,2024-05-23
215,James Thomas,Canada,2024-04-05
216,Rebecca Jackson,India,2024-01-15
217,Lisa Allen,Netherlands,2024-06-13
218,Joel King,India,2024-02-15
219,Robert Santana,Canada,2024-05-01
220,Jeremy Reed,Netherlands,2024-04-15
221,Jessica Wright,Germany,2024-06-01
222,James Webb,France,2024-02-12
223,Laura Haney,India,2024-02-23
224,Mary Hill,France,2024-04-11
225,Natasha Williams,United States,2024-04-19
226,Tanner Mitchell DDS,United States,2024-04-19
227,Mark Oliver,Australia,2024-05-01
228,Mary Massey,United States,2024-04-23
229,Maria Parker,United States,2024-03-20
230,Morgan Davis,Netherlands,2024-02-23
231,Casey Anderson,Germany,2024-04-07
232,Kiara Mcintyre,United States,2024-05-29
233,Roger Olson,United Kingdom,2024-05-25
234,Gina Wilson,Germany,2024-06-22
235,Vincent Dalton,United Kingdom,2024-05-10
236,Tracy Ballard,United Kingdom,2024-03-06
237,Alexis Herrera,France,2024-03-22
238,Megan Richards,Canada,2024-05-28
239,Ashley Hall,United Kingdom,2024-01-05
240,Kristina Herman,France,2024-02-09
241,Rodney Blankenship,United States,2024-02-24
242,Charles Shah,United Kingdom,2024-02-24
243,Brent Clay Jr.,Canada,2024-03-22
244,Natalie Bautista,Australia,2024-03-16
245,Brittany Perry,India,2024-01-18
246,Jason Lynn Jr.,France,2024-03-07
247,Trevor Foley,Australia,2024-01-18
248,Kimberly Levine,France,2024-03-05
249,Colton Martinez,India,2024-06-01
250,Matthew May,Canada,2024-04-17
251,Richard Sanchez,Germany,2024-01-23
252,Andrea Hubbard,India,2024-02-07
253,Sergio Murphy,Netherlands,2024-01-27
254,April Garrison,Australia,2024-01-27
255,David Thompson,United Kingdom,2024-04-28
256,Adrian Tyler,United States,2024-02-12
257,Christopher Williams,Netherlands,2024-05-13
258,Nichole Alvarez,United Kingdom,2024-05-20
259,Ashley Gordon,United Kingdom,2024-06-19
260,Richard Camacho,France,2024-04-03
261,Victor Brown,India,2024-03-27
262,Michael Henry,Germany,2024-06-12
263,Bobby Franklin,Australia,2024-01-12
264,Mark Kelley,United Kingdom,2024-02-28
265,Kerry Chavez DDS,France,2024-01-18
266,Sarah Curtis,Australia,2024-05-18
267,Cindy Hayes,India,2024-02-11
268,Jesse Perry,Germany,2024-01-18
269,Maurice Brooks,Netherlands,2024-01-28
270,Andrea Decker,India,2024-01-17
271,Parker Cain,United States,2024-04-10
272,Kristina Rivera,India,2024-01-23
273,Maurice Christensen,United Kingdom,2024-06-05
274,Tracy Burke,Germany,2024-03-04
275,Christy Douglas,India,2024-02-10
276,Ryan Richardson,United Kingdom,2024-05-17
277,Renee Bruce,United Kingdom,2024-06-24
278,Lisa Day,Germany,2024-01-05
279,Sandra Adams,India,2024-02-02
280,Ellen Morgan,India,2024-01-02
281,Kylie Morales,France,2024-01-26
282,Amanda Reese,Australia,2024-02-08
283,Glen Wood,France,2024-05-09
284,Latoya Miller,India,2024-01-10
285,Luke Craig,Netherlands,2024-02-18
286,Karla Ramos,India,2024-02-19
287,Ashley Jordan,United States,2024-02-20
288,Katelyn Estrada,United Kingdom,2024-01-09
289,Kyle Smith,Canada,2024-02-24
290,Chad Scott,India,2024-02-29
291,Paul Thompson,United States,2024-03-09
292,Kathryn Whitaker,United States,2024-05-25
293,Scott Williams,Australia,2024-01-04
294,Shannon Johnston,Germany,2024-04-13
295,Jennifer Wilson,India,2024-01-04
296,Robert Montgomery,Germany,2024-05-29
297,Anita Richard,Netherlands,2024-02-13
298,Kelly Foster,Canada,2024-02-25
299,Gary Jackson,United States,2024-04-01
300,Jordan Bullock,United Kingdom,2024-03-03
301,Sabrina Briggs,United Kingdom,2024-02-12
302,Craig Morrison,Germany,2024-05-16
303,Cassandra Mejia,United States,2024-03-29
304,Olivia Cole,Australia,2024-06-15
305,Madison Weber,Germany,2024-06-04
306,Brittany Jones,Canada,2024-03-20
307,Donald Brown,Germany,2024-04-01
308,Jesse Brown,United States,2024-05-29
309,Sean Wyatt,India,2024-04-20
310,Julie Spencer,Australia,2024-05-22
311,Joanna Pacheco,United States,2024-04-27
312,John Hernandez,Australia,2024-01-12
313,Steven Cooper,France,2024-05-08
314,Carrie Wright,France,2024-03-19
315,Joseph Moore,United Kingdom,2024-03-08
316,Jason Morgan,Australia,2024-04-17
317,Maria Jones,Canada,2024-01-18
318,Diane Cummings,Germany,2024-04-28
319,Shelley Cook,France,2024-04-14
320,Gregory Ponce,Germany,2024-05-05
321,Kurt Hurley,Germany,2024-02-25
322,Rickey Li,Canada,2024-04-30
323,Nancy Jennings,United States,2024-04-04
324,Jessica Cox,Germany,2024-03-06
325,Daniel Meza,Australia,2024-03-28
326,Chad Jones,Canada,2024-05-31
327,Randy Conley,France,2024-06-08
328,George Miranda,India,2024-01-24
329,Christopher Guerra,Germany,2024-05-18
330,Carol Kim,United Kingdom,2024-03-14
331,Cynthia Wallace,Canada,2024-02-21
332,Joann Ferguson,United States,2024-02-25
333,Julie Conley,Netherlands,2024-03-07
334,Victoria Murray,France,2024-02-20
335,Joseph Burch,France,2024-05-27
336,Brenda Wright,Netherlands,2024-04-25
337,Kristen Garcia,Australia,2024-06-01
338,Dominique Hines,India,2024-02-19
339,Brittany Kim,France,2024-06-19
340,Jerry Bailey,France,2024-01-05
341,Jonathan Young,United States,2024-06-28
342,Alfred Galvan,France,2024-05-31
343,Raven Taylor,Canada,2024-02-21
344,Melissa Taylor,Australia,2024-05-06
345,Aaron Miller,India,2024-02-16
346,Kimberly Acosta,United Kingdom,2024-04-04
347,Dwayne Turner,India,2024-01-09
348,Riley Bryant,Australia,2024-01-20
349,Linda Smith,Canada,2024-04-02
350,Charles Patterson,Australia,2024-04-20
351,Jason Beck,United States,2024-01-16
352,Andrea Fox,United Kingdom,2024-04-01
353,Kristen Myers DDS,India,2024-04-24
354,Mrs. Alexis Kramer,Germany,2024-03-03
355,Lori Ingram,India,2024-05-12
356,Andrew Payne,United States,2024-05-26
357,Richard Marshall,United Kingdom,2024-05-05
358,Robin Brown,Canada,2024-05-19
359,Edward Williams,Australia,2024-02-05
360,Timothy Robertson,Australia,2024-06-27
361,Dawn Mullins,Canada,2024-02-04
362,Richard Glenn,United Kingdom,2024-02-29
363,Jacob Preston,Canada,2024-05-13
364,Jasmine Beltran,France,2024-03-30
365,Tim Stone PhD,India,2024-05-10
366,Lance Short,United States,2024-04-08
367,Bobby Guerrero,Canada,2024-02-25
368,Jessica Norris,United States,2024-03-04
369,Sergio Gomez,France,2024-06-28
370,William Gould,Australia,2024-01-14
371,Heidi Owen,Canada,2024-05-02
372,Brenda Lawson,United Kingdom,2024-05-20
373,Austin Osborne,Australia,2024-03-06
374,Keith Jacobs,Australia,2024-05-02
375,Jacqueline Hines,United Kingdom,2024-04-13
376,Jennifer Banks,India,2024-02-14
377,Noah Porter,India,2024-03-10
378,Deborah Green,Canada,2024-03-21
379,Donna Hendricks DDS,Australia,2024-01-23
380,Jodi Roach,Canada,2024-03-21
381,Michael Bruce,India,2024-02-27
382,Austin Daniels,Germany,2024-06-09
383,Michelle Ho,France,2024-04-24
384,Katie Martinez,Canada,2024-02-06
385,Richard Johnson,Canada,2024-04-09
386,Robert Arnold,Germany,2024-04-20
387,Eric Key,India,2024-05-09
388,Patricia Morrow,Canada,2024-01-14
389,Maria Cole,United States,2024-05-02
390,Shawn Deleon,India,2024-04-25
391,Vincent Reynolds,India,2024-06-12
392,Caleb Hernandez,France,2024-01-30
393,Michael Reed,Canada,2024-06-18
394,Sarah King,Australia,2024-04-24
395,Beth Turner,Netherlands,2024-04-06
396,Caroline David,Netherlands,2024-01-28
397,Michelle Jacobs,Netherlands,2024-05-31
398,Samantha Johnson,France,2024-01-09
399,Laura Curtis,Netherlands,2024-05-18
400,Mark Jimenez,Germany,2024-04-22
401,Tyler Webb,United Kingdom,2024-05-24
402,Elizabeth Jones,India,2024-01-11
403,John Harris,Australia,2024-04-19
404,Nathan Gross,United Kingdom,2024-06-03
405,Bianca Wood,France,2024-04-11
406,John Adams,India,2024-02-14
407,Dylan Cruz,France,2024-04-20
408,Sean Moore,France,2024-02-28
409,Emily Hines,Germany,2024-03-30
410,Kathleen Parker,United States,2024-01-05
411,Kathy Levy,United States,2024-02-08
412,Anthony Simpson,France,2024-06-07
413,Julie Herrera,Netherlands,2024-06-01
414,Stephen Luna,United Kingdom,2024-05-17
415,James Hudson,Netherlands,2024-02-05
416,Angel Gordon,Canada,2024-05-17
417,William Becker,France,2024-01-22
418,Jennifer Norton,Canada,2024-03-02
419,Nicole Gonzalez,Netherlands,2024-04-01
420,Amber Taylor,Canada,2024-02-29
421,Jesus Obrien,France,2024-04-02
422,Louis Martin,Germany,2024-06-27
423,Elizabeth Rogers,United States,2024-05-29
424,Michelle Evans,United Kingdom,2024-05-26
425,Michael Whitney,Canada,2024-04-15
426,Molly Watts,France,2024-01-05
427,Walter Patton,Germany,2024-05-19
428,Mikayla Silva,Netherlands,2024-01-31
429,Lisa Randall,United States,2024-01-27
430,Amanda Vaughan,France,2024-01-20
431,Erik Hernandez,United Kingdom,2024-05-04
432,Reginald Knapp,Netherlands,2024-06-06
433,Amy Taylor,Germany,2024-02-07
434,Matthew Fox,Netherlands,2024-02-26
435,Thomas Peterson,Australia,2024-03-04
436,Michelle Schneider,Netherlands,2024-05-04
437,Cheryl Wright,Canada,2024-04-10
438,William Evans,Netherlands,2024-02-22
439,Michael Stewart,Germany,2024-03-03
440,Rebecca Hill,Netherlands,2024-01-22
441,Jamie Baird,Netherlands,2024-05-27
442,Regina Roberts,India,2024-02-21
443,Hannah Ramos,France,2024-02-16
444,Dale Ryan,India,2024-06-16
445,Breanna Gilbert,Netherlands,2024-04-15
446,Michael Schmidt,France,2024-04-24
447,Jason Love,India,2024-01-19
448,Abigail Pierce,Netherlands,2024-06-16
449,Timothy Johns,United Kingdom,2024-03-26
450,Victor Morris,India,2024-04-26
451,Ann Andrews,France,2024-04-06
452,Taylor Gentry,India,2024-02-01
453,Casey Gillespie,Australia,2024-06-28
454,Jon Zuniga,Australia,2024-06-22
455,Sherri Smith,United Kingdom,2024-04-12
456,William Mitchell,Germany,2024-06-27
457,Kathleen Mays,Germany,2024-06-02
458,Corey Rodriguez,France,2024-01-30
459,David Lopez,Canada,2024-05-12
460,Laura Todd,Germany,2024-02-01
461,Stephanie Wilcox,France,2024-04-02
462,Michael Lopez,United Kingdom,2024-01-26
463,David Green,Canada,2024-02-12
464,Tiffany Turner,Canada,2024-05-10
465,Matthew Schwartz,Australia,2024-01-12
466,Eric Sullivan,Netherlands,2024-03-31
467,Michele Collins,Canada,2024-01-22
468,Elizabeth Mendez,United States,2024-02-09
469,Christian Adkins,France,2024-04-19
470,Joshua Ruiz,Canada,2024-04-06
471,Colleen Wright,Canada,2024-05-15
472,Angela Griffin,United States,2024-05-06
473,Justin Brown,Canada,2024-04-08
474,Laura Hernandez,Netherlands,2024-02-29
475,Audrey Harris,United States,2024-04-14
476,Jordan Stokes,Australia,2024-03-22
477,Joyce Brown,India,2024-03-24
478,Miranda Foster,Canada,2024-05-26
479,Laura Williams,Canada,2024-03-03
480,Zachary Michael,France,2024-01-13
481,Amanda Ortiz,Netherlands,2024-05-18
482,Veronica Brewer,France,2024-03-16
483,Janet Kane DVM,India,2024-03-08
484,Mary Ryan,Canada,2024-04-27
485,Christopher Medina,Netherlands,2024-04-05
486,Courtney Smith,United States,2024-01-05
487,Michael Stephens,Canada,2024-04-05
488,Danielle Reed,Australia,2024-02-19
489,Molly Rodriguez,Canada,2024-05-25
490,Ralph Stephenson,Germany,2024-01-03
491,Brian Johnson,Netherlands,2024-04-17
492,Amber Yang,Germany,2024-03-13
493,Daniel Shields,United States,2024-01-11
494,Donna Cabrera,Canada,2024-05-11
495,Kyle Chambers,United States,2024-02-27
496,Charles Keller,United Kingdom,2024-02-09
497,Antonio Fry,Canada,2024-06-07
498,Lori Simmons,Germany,2024-03-30
499,Teresa Powers,Netherlands,2024-05-21
500,Jason Hernandez,Germany,2024-03-08
501,Kara Atkinson,United States,2024-02-24
502,Renee Melendez,India,2024-04-11
503,Kristin Anderson,Canada,2024-02-13
504,Matthew Nielsen,Australia,2024-06-01
505,Nathaniel Lee,France,2024-02-18
506,Lindsey Russo,Netherlands,2024-02-03
507,Misty Hansen,Australia,2024-03-27
508,Felicia Krueger,Australia,2024-01-03
509,Tonya Wilson,Canada,2024-06-28
510,David Munoz,India,2024-02-06
511,Kristen Rowe,Canada,2024-03-09
512,Heather Green,India,2024-04-02
513,Brett Zavala MD,United Kingdom,2024-05-31
514,Jacqueline Gutierrez,Netherlands,2024-04-11
515,Charles Green,United States,2024-06-17
516,Jennifer Hernandez,United States,2024-02-29
517,Roy Porter,Australia,2024-04-27
518,Dawn Underwood,France,2024-06-22
519,Katherine Jackson,United Kingdom,2024-05-23
520,Nathan Freeman,United States,2024-06-14
521,Maria Brown,United States,2024-01-07
522,Theresa Barnett,France,2024-05-17
523,Ryan Hall,France,2024-05-07
524,Jonathan Brooks,United States,2024-04-21
525,Lisa Webb,Germany,2024-03-28
526,Juan Smith,France,2024-04-05
527,William Smith,Germany,2024-05-26
528,Renee Browning,Netherlands,2024-01-20
529,Chase Lee,United Kingdom,2024-04-04
530,Debra Sanders,France,2024-03-08
531,Karl Branch,Netherlands,2024-02-10
532,Sarah Valdez,India,2024-06-03
533,Anna Gray,Australia,2024-04-09
534,Adam Jackson,Germany,2024-03-30
535,Richard Knight,United Kingdom,2024-06-03
536,Joseph Williams,Germany,2024-02-08
537,Stacy Alvarez,India,2024-01-09
538,Timothy Lam,United Kingdom,2024-04-11
539,Timothy Edwards,United States,2024-06-22
540,Nicole Marquez,India,2024-03-12
541,Christopher Allen,Canada,2024-05-30
542,Steven Rivera,Canada,2024-05-16
543,William Ramsey,France,2024-03-31
544,Amy Kim,United Kingdom,2024-05-30
545,Randy Friedman,France,2024-03-12
546,Alyssa Nelson,United Kingdom,2024-06-27
547,Henry Pugh MD,India,2024-05-02
548,Angelica Montgomery,United Kingdom,2024-05-23
549,Angela Moore,United States,2024-05-08
550,Nancy Stewart,Australia,2024-01-20
551,Eric Ward,Canada,2024-02-18
552,Cody Cole,Australia,2024-04-09
553,Alexander Gomez,United Kingdom,2024-01-17
554,Erika Cruz,Australia,2024-02-22
555,Bradley Santana,United States,2024-06-11
556,Laura Jackson,Canada,2024-03-09
557,Eric Snyder,Netherlands,2024-01-12
558,Jason Washington,United Kingdom,2024-01-14
559,David Weber,Canada,2024-04-16
560,Brian Torres,Australia,2024-06-19
561,Manuel Brock,Netherlands,2024-02-29
562,Robert Villarreal,Germany,2024-06-24
563,Frank Valentine,Canada,2024-02-06
564,Vincent Novak,Germany,2024-02-22
565,Katherine Johnston,India,2024-02-13
566,Robert Long,Netherlands,2024-01-21
567,Leslie Gardner,Netherlands,2024-05-02
568,Tiffany Murray,Canada,2024-05-07
569,Eddie Schwartz,India,2024-05-27
570,Jennifer Porter,Australia,2024-04-24
571,Matthew Espinoza,France,2024-05-22
572,William Mendoza,United Kingdom,2024-03-13
573,Tami Holt,India,2024-04-07
574,Heather Woodard,Netherlands,2024-04-06
575,Angela Mack,France,2024-04-28
576,Matthew Williams,Netherlands,2024-06-26
577,Jennifer Goodwin,Canada,2024-06-22
578,Adam Green,Australia,2024-04-01
579,Lauren Johnston,United States,2024-03-21
580,Raymond Chapman,Netherlands,2024-03-31
581,Alexander Garcia,Australia,2024-03-15
582,Audrey Shepard,Germany,2024-01-26
583,Jesse Clark,Netherlands,2024-03-27
584,Jeffrey Horton,France,2024-02-27
585,Robert Wilson,Australia,2024-06-01
586,Megan Martin,India,2024-06-26
587,Christopher Moore,Australia,2024-04-10
588,Crystal Sullivan,India,2024-02-03
589,Jessica Johnson,India,2024-04-20
590,Kevin Price,United States,2024-05-06
591,Paul Stokes,France,2024-01-12
592,Shane Lopez,United Kingdom,2024-02-28
593,Dennis Huffman,France,2024-04-04
594,Linda Carr,Canada,2024-04-15
595,Ryan Williamson,Netherlands,2024-05-26
596,Elizabeth Mendez,France,2024-01-16
597,Bruce Torres,Netherlands,2024-02-02
598,Kayla Barnes,Netherlands,2024-01-25
599,Cody Reid,Netherlands,2024-05-04
600,Zoe Peters,United States,2024-03-29
601,Ernest Hayes,United Kingdom,2024-01-10
602,Adam Taylor,India,2024-05-26
603,Kathy Simpson,France,2024-05-03
604,Ryan Burns,Canada,2024-01-15
605,Philip Carter,France,2024-02-19
606,Carol Ellis,India,2024-05-13
607,Krista Wilson,Australia,2024-01-21
608,Samantha Richardson,Netherlands,2024-05-28
609,Nathan Payne,Australia,2024-06-27
610,Ronald Potter,Canada,2024-02-23
611,Mrs. Hannah Montoya MD,Australia,2024-06-27
612,Cynthia Cochran,Australia,2024-04-15
613,Michael Chen,Netherlands,2024-01-30
614,Daniel Clark,India,2024-01-11
615,Douglas Ryan,India,2024-02-28
616,Donna Adams,India,2024-06-03
617,Miss Anna Estes,France,2024-05-21
618,Wendy Camacho,United Kingdom,2024-01-23
619,Danielle Dawson,France,2024-05-29
620,Megan Burns,Australia,2024-04-13
621,Jason Hayes,United Kingdom,2024-04-24
622,Anna Robertson,Germany,2024-02-20
623,Jackie Clements,France,2024-02-28
624,Raymond Oconnor,France,2024-05-11
625,Matthew Howard,Netherlands,2024-01-12
626,Claudia Jordan,India,2024-02-08
627,Ronald Morgan,India,2024-04-14
628,Karina Cooper,United Kingdom,2024-05-02
629,Brett Bowers,France,2024-03-23
630,Scott Alexander,India,2024-01-01
631,Christina Barker,France,2024-01-24
632,Caitlin Cantu,Australia,2024-02-19
633,Danielle Watson,Germany,2024-06-11
634,James Torres,India,2024-05-05
635,Matthew Padilla,United States,2024-01-01
636,Casey Perez,Germany,2024-05-02
637,Michael Montoya,India,2024-06-26
638,Carlos Jones,United States,2024-03-09
639,Ashley Edwards,United States,2024-06-07
640,Raymond Mullins,India,2024-01-24
641,Brenda Moreno MD,Germany,2024-04-27
642,Nathan Fuller,Netherlands,2024-01-28
643,Michael Heath,United Kingdom,2024-01-16
644,Paul Lawrence,United States,2024-03-10
645,Emily Taylor,India,2024-02-19
646,Juan Greene,Netherlands,2024-04-19
647,Melissa Abbott,Netherlands,2024-04-28
648,Joseph Hicks,Netherlands,2024-05-14
649,Anthony Hurst,Australia,2024-06-20
650,Brian Porter MD,Germany,2024-04-05
651,Victoria Peck,United States,2024-01-24
652,Laura Diaz,India,2024-05-02
653,Tiffany Townsend,Netherlands,2024-01-04
654,Dennis Williams,United Kingdom,2024-01-11
655,Katie Fuller,United Kingdom,2024-03-31
656,Michael Miller,Canada,2024-04-06
657,Diamond Collins,Netherlands,2024-04-02
658,Robert Herrera,United Kingdom,2024-03-11
659,Sandra Becker,United States,2024-01-12
660,Monica Mathis,Germany,2024-01-11
661,Jeffrey Chavez,Germany,2024-04-19
662,Patrick Yang,India,2024-01-22
663,Meredith Martin,United Kingdom,2024-06-20
664,Rachel Le,France,2024-01-31
665,Richard Adams,United Kingdom,2024-06-08
666,Alyssa Roman,Canada,2024-02-18
667,Michael Ray,France,2024-01-14
668,Ian Porter,Canada,2024-04-12
669,David Garcia,Netherlands,2024-04-13
670,Crystal Hicks,Netherlands,2024-01-08
671,Dana Ruiz,India,2024-03-09
672,Timothy Mathews,Canada,2024-04-09
673,Natalie Barnes,India,2024-02-27
674,Nathan Nelson,United States,2024-01-15
675,Jonathan Winters,United Kingdom,2024-02-02
676,Vicki Finley,France,2024-01-13
677,Douglas Kirk,France,2024-02-28
678,Aimee Gonzalez,India,2024-04-11
679,Marcus Marshall,United Kingdom,2024-04-16
680,Raymond Gonzalez DVM,Germany,2024-05-16
681,Aaron Ortiz,France,2024-02-11
682,Ryan Wiley,Germany,2024-06-20
683,Matthew Sweeney,United Kingdom,2024-05-10
684,Joseph Allen,Germany,2024-03-29
685,Zachary Dawson,United States,2024-01-17
686,Stephanie Meyer,Canada,2024-05-06
687,William Miller,Netherlands,2024-01-18
688,Robert Jones,Netherlands,2024-04-12
689,Victor Young,India,2024-02-16
690,Robert Haynes,United States,2024-05-12
691,Dillon Jones,France,2024-02-06
692,Lauren Moore,India,2024-01-30
693,Jason Herrera,India,2024-06-22
694,Eric Baker,Netherlands,2024-01-22
695,Michael Mckenzie,United Kingdom,2024-05-05
696,Russell Murphy,France,2024-01-17
697,Henry Palmer,India,2024-05-01
698,William Johnson,France,2024-03-13
699,Paul Wright,Canada,2024-03-24
700,Brenda Smith,United Kingdom,2024-05-29
701,Mrs. Samantha Watson,France,2024-04-23
702,Lauren Green,Germany,2024-05-26
703,Austin Orr,India,2024-03-20
704,Taylor Calderon,Germany,2024-02-29
705,Joel Jackson,United Kingdom,2024-04-13
706,Jennifer Johnson,United States,2024-05-02
707,Daniel Lopez,Germany,2024-02-20
708,Amanda Harvey,India,2024-02-14
709,Jason Pierce,India,2024-01-11
710,Chad Gonzalez,Netherlands,2024-06-08
711,Lydia Pham,United Kingdom,2024-05-23
712,Rachael Howard DDS,Netherlands,2024-03-28
713,Kathryn Price,India,2024-02-02
714,Daniel Huang,Canada,2024-05-20
715,William Moreno,India,2024-05-18
716,Dr. Ariel Sandoval MD,Netherlands,2024-05-26
717,Amy Davies,Netherlands,2024-02-09
718,Rebecca Kelly,United Kingdom,2024-05-31
719,Casey Watkins,United States,2024-05-25
720,Suzanne Johnson,Canada,2024-05-06
721,Kristy Hart,Australia,2024-02-03
722,Sierra Vasquez MD,India,2024-03-29
723,David Robinson,United States,2024-04-04
724,Thomas Harris,United Kingdom,2024-01-24
725,Tamara Richard,France,2024-02-28
726,Kevin Stark,United States,2024-05-19
727,Shannon Yu,India,2024-03-08
728,Jennifer Garcia,United States,2024-02-24
729,Christopher Fry,Germany,2024-05-22
730,Marie Thompson,Netherlands,2024-06-23
731,Tanya Buchanan,Netherlands,2024-02-10
732,Casey Parker,India,2024-05-03
733,Nicholas Rush,Germany,2024-06-19
734,Zachary Sanford,Canada,2024-01-06
735,Tammy Ponce,Netherlands,2024-02-09
736,Taylor Taylor,United Kingdom,2024-05-14
737,William Jackson,Netherlands,2024-06-08
738,Michael Fowler,Australia,2024-06-08
739,Derek Wright,Canada,2024-01-13
740,Brian Smith,Australia,2024-03-10
741,Tracy Wilkerson,Australia,2024-03-29
742,Joshua Garcia,United Kingdom,2024-03-27
743,Marilyn Mcdaniel,Germany,2024-01-30
744,Ryan Phillips,Australia,2024-02-27
745,Angela Jackson,Canada,2024-03-08
746,Kimberly Villanueva,Netherlands,2024-01-17
747,Lisa Webb,India,2024-01-06
748,Carmen Preston,Canada,2024-01-29
749,Daniel Lee,United States,2024-05-05
750,Monica Baker,Netherlands,2024-02-20
751,Anthony Armstrong,United Kingdom,2024-05-31
752,Isaac Patterson,Australia,2024-02-23
753,Lindsay Gonzalez,India,2024-01-05
754,Edgar Miller,Australia,2024-05-31
755,James Burns,United Kingdom,2024-04-28
756,Joshua Lopez,Canada,2024-06-08
757,Jeremy Baker,United States,2024-03-24
758,Derrick Brown,Netherlands,2024-05-15
759,Angelica Cooper,Canada,2024-04-07
760,Leah Spencer,United States,2024-05-31
761,Jennifer Nichols,France,2024-06-05
762,Stephen Alvarez,Australia,2024-01-15
763,Michelle Shaw,Netherlands,2024-06-11
764,Megan Oliver,Netherlands,2024-01-22
765,Carrie Joyce,United States,2024-06-23
766,Beth Henderson,France,2024-06-26
767,Zachary Burton,India,2024-05-30
768,Thomas Sloan,Germany,2024-01-13
769,James Nguyen,India,2024-02-19
770,Shane Buchanan,Netherlands,2024-04-22
771,Jennifer Perry,Netherlands,2024-01-27
772,Olivia Ayers,United Kingdom,2024-06-15
773,Ashlee Mitchell,United States,2024-04-06
774,Jason Reyes,France,2024-03-28
775,Amanda Hill,Germany,2024-01-26
776,Melissa Williams,India,2024-06-09
777,David Reese,United States,2024-06-14
778,Alicia Roth,Canada,2024-02-24
779,John Horton,United Kingdom,2024-01-18
780,Brandy Mccann,France,2024-03-20
781,Debra Butler,United Kingdom,2024-04-26
782,Daniel Holloway,Netherlands,2024-05-13
783,Sharon Nicholson,United Kingdom,2024-04-02
784,Eric Hunter,Germany,2024-01-25
785,Sherry Johnson,Netherlands,2024-02-04
786,Sara Wright,India,2024-03-23
787,Michele Hill,India,2024-05-28
788,Madison Martinez,Canada,2024-01-06
789,Kirk Thompson,Netherlands,2024-06-05
790,Hannah Martin,Netherlands,2024-06-10
791,Melissa Mitchell,France,2024-03-10
792,Kenneth Hanna,Netherlands,2024-06-03
793,Megan Adams,Germany,2024-03-14
794,Richard Saunders,Canada,2024-01-02
795,Maria Burke,France,2024-01-02
796,Robert Torres,Germany,2024-06-23
797,Jessica Bennett,United Kingdom,2024-03-03
798,John Byrd,India,2024-05-28
799,Brian Hunt,Canada,2024-04-29
800,Jacqueline Holland,Australia,2024-04-19
